doc_id,pii_type,value
account_closure_procedure,name,Dana Whitfield
account_closure_procedure,member,HCU-004821
account_closure_procedure,account,7730-0012-4471
account_closure_procedure,address,"1427 Larkspur Lane, Port Alden, ME 04631"
call_notes_2026_08,name,Marisol Vega
call_notes_2026_08,member,HCU-018342
call_notes_2026_08,dob,03/22/1981
call_notes_2026_08,account,7730-0045-2219
call_notes_2026_08,ssn,912-45-6789
call_notes_2026_08,phone,(555) 555-0142
call_notes_2026_08,email,m.vega81@example.com
call_notes_2026_08,address,"1427 Larkspur Lane, Port Alden, ME 04631"
call_notes_2026_08,name,Gregory Tan
call_notes_2026_08,member,HCU-022917
call_notes_2026_08,dob,11/04/1974
call_notes_2026_08,account,7730-0061-8830
call_notes_2026_08,ssn,931-20-4417
call_notes_2026_08,phone,(555) 555-0119
call_notes_2026_08,email,gtan.home@example.org
call_notes_2026_08,address,"310 Beacon Hill Road, Westmere, ME 04602"
call_notes_2026_08,name,Aisha Kamara
call_notes_2026_08,member,HCU-009475
call_notes_2026_08,dob,07/19/1990
call_notes_2026_08,account,7730-0017-3362
call_notes_2026_08,ssn,904-77-1203
call_notes_2026_08,phone,(555) 555-0163
call_notes_2026_08,email,akamara@example.com
call_notes_2026_08,address,"76 Quarry Street, Carrow Bay, ME 04640"
call_notes_2026_08,name,Peter Lindqvist
call_notes_2026_08,member,HCU-031208
call_notes_2026_08,dob,01/30/1962
call_notes_2026_08,account,7730-0082-5514
call_notes_2026_08,ssn,948-11-6620
call_notes_2026_08,phone,(555) 555-0107
call_notes_2026_08,email,plindqvist@example.org
call_notes_2026_08,address,"9 Saltmarsh Court, Port Alden, ME 04631"
call_notes_2026_08,name,Rosa Delgado-Pierce
call_notes_2026_08,member,HCU-015566
call_notes_2026_08,dob,05/08/1985
call_notes_2026_08,account,7730-0039-7001
call_notes_2026_08,ssn,957-38-2291
call_notes_2026_08,phone,(555) 555-0188
call_notes_2026_08,email,rosadp@example.com
call_notes_2026_08,address,"221 Fairweather Drive, Westmere, ME 04602"
call_notes_2026_08,name,Owen Fitzgerald
call_notes_2026_08,member,HCU-027003
call_notes_2026_08,dob,09/12/1999
call_notes_2026_08,account,7730-0070-1149
call_notes_2026_08,ssn,920-64-5538
call_notes_2026_08,phone,(555) 555-0151
call_notes_2026_08,email,owen.fitz@example.com
call_notes_2026_08,address,"58 Keel Avenue, Carrow Bay, ME 04640"
call_notes_2026_08,name,Hannah Brightwater
call_notes_2026_08,member,HCU-004102
call_notes_2026_08,dob,12/01/1958
call_notes_2026_08,account,7730-0008-9927
call_notes_2026_08,ssn,963-02-7745
call_notes_2026_08,phone,(555) 555-0126
call_notes_2026_08,email,hbrightwater@example.org
call_notes_2026_08,address,"14 Lantern Way, Port Alden, ME 04631"
call_notes_2026_08,name,Samuel Oduya
call_notes_2026_08,member,HCU-035591
call_notes_2026_08,dob,04/27/1993
call_notes_2026_08,account,7730-0094-6618
call_notes_2026_08,ssn,909-85-3346
call_notes_2026_08,phone,(555) 555-0174
call_notes_2026_08,email,soduya@example.com
call_notes_2026_08,address,"402 Mill Pond Road, Westmere, ME 04602"
call_notes_2026_08,name,Linh Tran
call_notes_2026_08,member,HCU-012884
call_notes_2026_08,dob,08/15/1988
call_notes_2026_08,account,7730-0031-4402
call_notes_2026_08,ssn,976-50-8812
call_notes_2026_08,phone,(555) 555-0139
call_notes_2026_08,email,linh.tran@example.org
call_notes_2026_08,address,"67 Pilot Street, Carrow Bay, ME 04640"
call_notes_2026_08,name,Frank Moretti
call_notes_2026_08,member,HCU-020450
call_notes_2026_08,dob,02/09/1970
call_notes_2026_08,account,7730-0056-2275
call_notes_2026_08,ssn,915-29-0034
call_notes_2026_08,phone,(555) 555-0195
call_notes_2026_08,email,fmoretti@example.com
call_notes_2026_08,address,"5 Harborview Lane, Port Alden, ME 04631"
call_notes_2026_08,name,Keisha Holloway
call_notes_2026_08,member,HCU-029936
call_notes_2026_08,dob,10/23/1996
call_notes_2026_08,account,7730-0077-8841
call_notes_2026_08,ssn,941-73-5169
call_notes_2026_08,phone,(555) 555-0112
call_notes_2026_08,email,kholloway@example.org
call_notes_2026_08,address,"118 Spinnaker Drive, Westmere, ME 04602"
call_notes_2026_08,name,Victor Albescu
call_notes_2026_08,member,HCU-016647
call_notes_2026_08,dob,06/06/1979
call_notes_2026_08,account,7730-0042-0096
call_notes_2026_08,ssn,988-16-2257
call_notes_2026_08,phone,(555) 555-0167
call_notes_2026_08,email,valbescu@example.com
call_notes_2026_08,address,"33 Tern Court, Carrow Bay, ME 04640"
call_notes_2026_08,name,Maureen O'Shea
call_notes_2026_08,member,HCU-007733
call_notes_2026_08,dob,03/03/1955
call_notes_2026_08,account,7730-0013-5580
call_notes_2026_08,ssn,926-41-9983
call_notes_2026_08,phone,(555) 555-0180
call_notes_2026_08,email,moshea@example.org
call_notes_2026_08,address,"240 Gull Rock Road, Port Alden, ME 04631"
complaint_email_export,email,j.albright@harborcu.example.org
complaint_email_export,email,memberrelations@harborcu.example.org
complaint_email_export,email,payments.ops@harborcu.example.org
complaint_email_export,name,Ruth Castellano
complaint_email_export,email,ruth.castellano@example.com
complaint_email_export,email,memberservices@harborcu.example.org
complaint_email_export,account,7730-0098-1150
complaint_email_export,member,HCU-027615
complaint_email_export,phone,(555) 555-0187
complaint_email_export,address,"52 Tidewater Court, Westmere, ME 04602"
